<?xml version="1.0" encoding="utf-8"?>
<addon id="plugin.video.g2" name="G2" provider-name="J0rdyZ65" version="0.0.5">
	<requires>
		<import addon="xbmc.python" version="2.20.0"/>
		<import addon="script.module.requests" version="2.9.1"/>
		<import addon="script.module.rpyc" optional="true" version="3.4.4"/>
		<import addon="script.module.six"/>
	</requires>
	<extension library="plugin.py" point="xbmc.python.pluginsource">
		<provides>video</provides>
	</extension>
	<extension library="service.py" point="xbmc.service" start="startup"/>
	<extension point="xbmc.addon.metadata">
		<summary lang="en">G2 is the Gio's own version of an once famous addon</summary>
		<description lang="en">G2 add-on is the easiest way to access the video content out there.
The author does not host nor distribute any of the content displayed by this addon. The author does not have any affiliation with the content provider.</description>
		<description lang="it">G2 add-on è il modo più semplice per accedere ai contenuti video presenti là fuori.
L'autore non ospita nè distribuisce alcuno dei contenuti mostrati da questo addon. L'autore non ha nessuna affiliazione con il fornitore dei contenuti.</description>
		<disclaimer lang="en">The author does not host nor distribute any of the content displayed by this addon. The author does not have any affiliation with the content provider.</disclaimer>
		<disclaimer lang="it">L'autore non ospita nè distribuisce alcuno dei contenuti mostrati da questo addon. L'autore non ha nessuna affiliazione con il fornitore dei contenuti.</disclaimer>
		<platform>all</platform>
	</extension>
	<news>v0.0.5 (2019-03-22)

New features
------------
- Improved support for touch devices and non Aen-Nox skins
- Kodi library integration (play video and watched status sync)
- Set/reset watched status for entire tvshows and seasons
- Sources providers added:
  - netflixlovers
  - altadefinizione01
  - filmperevolvere (movie only)
  - guardarefilm
  - mondolunatico (movie only)
- Sources resolvers added:
  - openload
- Replaced plugin.video.streamondemand with plugin.video.icarus for link resolution

Removed features
----------------
- Alluc provider (discontinued service)
- Imdb users lists
- Python2.6 based Kodi installations

Fixed issues
------------
- Movie search by year now properly return the movies released in the specified year

Known issues and limitations
----------------------------
- The watched status Kodi library sync for entire tvshows/seasons is disabled
- On Kodi17/iOS, the Info context command does not work
- On Kodi17/iOS, the direct playing of some raiplay streams causes a Kodi crash
- On Kodi17/iOS, sometime the year is not displayed in the item label
- On kodi18/Windows, the resume of the stream does not work
</news>
</addon>
