<?xml version="1.0" encoding="UTF-8"?>
<window>
	<defaultcontrol always="true">201</defaultcontrol>
	<zorder>0</zorder>
	<coordinates>
		<posx>170</posx>
	    <posy>180</posy>
	</coordinates>
	<controls>
		<!-- Background -->
		<control type="image" id="1">
			<left>-20</left>
			<top>-20</top>
            <width>980</width>
            <height>375</height>
            <texture border="40">bg.png</texture>
		</control>

		<!-- Window title -->
		<control type="label" id="101">
			<left>10</left>
			<top>10</top>
			<width>920</width>
			<height>20</height>
			<align>center</align>
			<font>font15_title</font>
		</control>

		<!-- Show the current edit vaulue -->
		<control type="button" id="201">
			<left>10</left>
			<top>35</top>
			<width>920</width>
			<align>center</align>
			<font>font30</font>
			<onup>501</onup>
			<ondown>411</ondown>
			<onleft>433</onleft>
			<onright>411</onright>
		</control>

        <!-- History buttons -->
        <control type="group">
			<left>10</left>
			<top>95</top>

		    <control type="button" id="411">
				<left>10</left>
				<top>0</top>
		        <width>300</width>
		        <height>60</height>
				<align>center</align>
				<font>font30</font>
				<onup>201</onup>
				<ondown>421</ondown>
				<onleft>413</onleft>
				<onright>412</onright>
		    </control>
		    <control type="button" id="412">
				<left>320</left>
				<top>0</top>
		        <width>300</width>
		        <height>60</height>
				<align>center</align>
				<font>font30</font>
				<onup>201</onup>
				<ondown>422</ondown>
				<onleft>411</onleft>
				<onright>413</onright>
		    </control>
		    <control type="button" id="413">
				<left>630</left>
				<top>0</top>
		        <width>300</width>
		        <height>60</height>
				<align>center</align>
				<font>font30</font>
				<onup>201</onup>
				<ondown>423</ondown>
				<onleft>412</onleft>
				<onright>411</onright>
		    </control>

		    <control type="button" id="421">
				<left>10</left>
				<top>60</top>
		        <width>300</width>
		        <height>60</height>
				<align>center</align>
				<font>font30</font>
				<onup>411</onup>
				<ondown>431</ondown>
				<onleft>423</onleft>
				<onright>422</onright>
		    </control>
		    <control type="button" id="422">
				<left>320</left>
				<top>60</top>
		        <width>300</width>
		        <height>60</height>
				<align>center</align>
				<font>font30</font>
				<onup>412</onup>
				<ondown>432</ondown>
				<onleft>421</onleft>
				<onright>423</onright>
		    </control>
		    <control type="button" id="423">
				<left>630</left>
				<top>60</top>
		        <width>300</width>
		        <height>60</height>
				<align>center</align>
				<font>font30</font>
				<onup>413</onup>
				<ondown>433</ondown>
				<onleft>422</onleft>
				<onright>421</onright>
		    </control>

		    <control type="button" id="431">
				<left>10</left>
				<top>120</top>
		        <width>300</width>
		        <height>60</height>
				<align>center</align>
				<font>font30</font>
				<onup>421</onup>
				<ondown>501</ondown>
				<onleft>433</onleft>
				<onright>432</onright>
		    </control>
		    <control type="button" id="432">
				<left>320</left>
				<top>120</top>
		        <width>300</width>
		        <height>60</height>
				<align>center</align>
				<font>font30</font>
				<onup>422</onup>
				<ondown>501</ondown>
				<onleft>431</onleft>
				<onright>433</onright>
		    </control>
		    <control type="button" id="433">
				<left>630</left>
				<top>120</top>
		        <width>300</width>
		        <height>60</height>
				<align>center</align>
				<font>font30</font>
				<onup>423</onup>
				<ondown>501</ondown>
				<onleft>432</onleft>
				<onright>431</onright>
		    </control>
		</control>

		<!-- Close button -->
		<control type="button" id="501">
			<left>10</left>
			<top>275</top>
			<width>920</width>
			<align>center</align>
			<font>font30</font>
			<onup>501</onup>
			<ondown>411</ondown>
			<onleft>433</onleft>
			<onright>411</onright>
		</control>

	</controls>
</window>
