<?xml version="1.0" encoding="UTF-8"?>
<window>
	<defaultcontrol always="true">101</defaultcontrol>
	<zorder>0</zorder>
	<coordinates>
		<posx>170</posx>
	    <posy>180</posy>
	</coordinates>
	<controls>
		<!-- Background -->
		<control type="image" id="1">
			<left>-20</left>
			<top>-20</top>
            <width>980</width>
            <height>450</height>
            <texture border="40">bg.png</texture>
		</control>

		<!-- Window title -->
		<control type="label">
			<left>10</left>
			<top>10</top>
			<width>960</width>
			<height>20</height>
			<align>center</align>
			<!-- fixme: translate w/ $LOCALIZE(nnnn) -->
			<label>G2 - PACKAGE MANAGER</label>
			<font>font15_title</font>
		</control>

		<!-- List of buttons for selecting the packages kind -->
		<control type="group">
			<left>10</left>
			<top>45</top>
	        <control type="image">
		        <left>-1</left>
		        <top>-2</top>
		        <width>190</width>
		        <height>310</height>
		        <texture border="5">inner.png</texture>
		    </control>
			<control type="list" id="101">
				<left>0</left>
				<top>0</top>
				<width>190</width>
				<height>300</height>
				<onup>noop</onup>
				<ondown>noop</ondown>
				<onleft>201</onleft>
				<onright>201</onright>
				<orientation>vertical</orientation>
		        <texture border="5">inner.png</texture>
				<itemlayout width="190" height="30">
					<control type="label">
	                    <left>0</left>
	                    <top>0</top>
						<align>right</align>
						<aligny>top</aligny>
						<width>180</width>
						<font>font14</font>
						<label>[CAPITALIZE]$INFO[ListItem.Label][/CAPITALIZE]</label>
					</control>
				</itemlayout>
				<focusedlayout width="190" height="30">
					<control type="label">
	                    <left>0</left>
	                    <top>0</top>
						<align>right</align>
						<aligny>top</aligny>
						<width>180</width>
						<font>font14</font>
						<label>[CAPITALIZE]$INFO[ListItem.Label][/CAPITALIZE]</label>
					</control>
	                <control type="image">
	                    <left>0</left>
	                    <top>0</top>
                        <width>190</width>
                        <height>30</height>
	                    <texture border="4">listselect_fo.png</texture>
	                    <visible>Control.HasFocus(101)</visible>
					</control>
				</focusedlayout>
			</control>
		</control>

		<!-- List of labels for selecting the package -->
		<control type="group">
			<left>210</left>
			<top>45</top>
	        <control type="image">
		        <left>-1</left>
		        <top>-2</top>
		        <width>722</width>
		        <height>310</height>
		        <texture border="5">inner.png</texture>
		    </control>
			<control type="list" id="201">
				<left>0</left>
				<top>0</top>
				<width>720</width>
				<height>300</height>
				<onup>noop</onup>
				<ondown>noop</ondown>
				<onleft>101</onleft>
				<onright>101</onright>
				<orientation>vertical</orientation>
				<pagecontrol>1001</pagecontrol>
				<scrolltime tween="sine" easing="out">240</scrolltime>
				<itemlayout width="720" height="30">
					<control type="label">
						<left>10</left>
						<top>0</top>
						<width>620</width>
						<height>30</height>
						<font>font14</font>
						<label>$INFO[ListItem.Label]</label>
					</control>
					<control type="label">
						<left>630</left>
						<top>0</top>
						<width>50</width>
						<height>30</height>
						<align>right</align>
						<font>font14</font>
						<label>$INFO[ListItem.Label2]</label>
					</control>
					<control type="image">
						<left>680</left>
						<top>0</top>
			            <width>30</width>
			            <height>30</height>
	                    <texture>$VAR[ListItem.Overlay]</texture>
					</control>
					<control type="image">
						<left>680</left>
						<top>0</top>
			            <width>30</width>
			            <height>30</height>
	                    <texture>$INFO[ListItem.Overlay]</texture>
					</control>
				</itemlayout>
				<focusedlayout width="720" height="30">
                    <control type="image">
                        <left>0</left>
                        <top>0</top>
                        <width>720</width>
                        <height>30</height>
                        <texture border="4">listselect_fo.png</texture>
                        <visible>Control.HasFocus(201)</visible>
					</control>
					<control type="label">
						<left>10</left>
						<top>0</top>
						<width>620</width>
						<height>30</height>
						<font>font14</font>
						<label>$INFO[ListItem.Label]</label>
					</control>
					<control type="label">
						<left>630</left>
						<top>0</top>
						<width>50</width>
						<height>30</height>
						<align>right</align>
						<font>font14</font>
						<label>$INFO[ListItem.Label2]</label>
					</control>
					<control type="image">
						<left>680</left>
						<top>0</top>
			            <width>30</width>
			            <height>30</height>
	                    <texture>$VAR[ListItem.Overlay]</texture>
					</control>
					<control type="image">
						<left>680</left>
						<top>0</top>
			            <width>30</width>
			            <height>30</height>
	                    <texture>$INFO[ListItem.Overlay]</texture>
					</control>
				</focusedlayout>
			</control>
		</control>
		<control type="scrollbar" id="1001">
			<left>732</left>
			<top>70</top>
			<width>8</width>
			<height>280</height>
			<texturesliderbackground>-</texturesliderbackground>
			<texturesliderbar colordiffuse="55ffffff" border="1">texturesliderbar2.png</texturesliderbar>
			<texturesliderbarfocus border="1">texturesliderbar2.png</texturesliderbarfocus>
			<showonepage>false</showonepage>
			<orientation>vertical</orientation>
		</control>

		<!-- Close button -->
        <control type="button" id="301">
			<left>10</left>
			<top>360</top>
			<width>920</width>
			<height>46</height>
			<font>font30</font>
			<texturenofocus>bg.png</texturenofocus>
			<align>center</align>
			<label>[CAPITALIZE]$INFO[ListItem.Label][/CAPITALIZE]</label>
			<onup>101</onup>
			<ondown>101</ondown>
			<onleft>301</onleft>
			<onright>301</onright>
        </control>

	</controls>
</window>
