<?xml version="1.0" encoding="UTF-8"?>
<window>
 	<defaultcontrol always="true">503</defaultcontrol>
	<animation type="WindowOpen">
		<effect type="zoom" start="70" end="100" center="auto" tween="back" easing="inout" time="300" />
		<effect type="fade" start="0" end="100" time="300" />
	</animation>
	<animation type="WindowClose">
		<effect type="zoom" start="100" end="70" center="auto" time="100" />
		<effect type="fade" start="100" end="0" time="100" />
	</animation>
	<zorder>0</zorder>
	<coordinates>
		<posx>0</posx>
	    <posy>0</posy>
	</coordinates>

	<controls>

		<!-- Background -->
		<control type="image" id="101">
			<left>0</left>
			<top>0</top>
			<width>1280</width>
			<height>720</height>
			<texture border="40">listpanel_back.png</texture>
		</control>

		<!-- Heading -->
		<control type="label" id="201">
			<left>50</left>
			<top>45</top>
			<align>center</align>
			<aligny>center</aligny>
			<label>[UPPERCASE]$INFO[ListItem.Label][/UPPERCASE]</label>
			<width>430</width>
			<height>40</height>
			<font>font30</font>
			<scroll>true</scroll>
		</control>

		<!-- Progress bar -->
		<control type="progress" id="202">
			<left>490</left>
			<top>50</top>
			<width>740</width>
			<height>30</height>
			<texturebg border="2">progressback.png</texturebg>
			<lefttexture>-</lefttexture>
			<midtexture border="2">progressbar.png</midtexture>
			<righttexture>-</righttexture>
			<overlaytexture>-</overlaytexture>
		</control>

		<!-- Elapsed time -->
		<control type="label" id="203">
			<left>490</left>
			<top>45</top>
			<align>left</align>
			<aligny>center</aligny>
			<width>110</width>
			<height>40</height>
			<textcolor>black</textcolor>
			<font>font30</font>
		</control>

		<!-- #completed / #total -->
		<control type="label" id="204">
			<left>600</left>
			<top>45</top>
			<align>right</align>
			<aligny>center</aligny>
			<width>630</width>
			<height>40</height>
			<textcolor>black</textcolor>
			<font>font30</font>
		</control>

		<!-- Left side poster -->
		<control type="image" id="301">
			<left>50</left>
			<top>90</top>
			<width>430</width>
			<height>580</height>
			<aspectratio aligny="center">keep</aspectratio>
		</control>

		<!-- Left side label (in case the poster is missing or for the episode title) -->
		<control type="label" id="302">
			<left>60</left>
			<top>470</top>
			<width>410</width>
			<height>200</height>
			<font>font48</font>
			<align>center</align>
			<aligny>center</aligny>
			<wrapmultiline>true</wrapmultiline>
		</control>

		<!-- Right side list -->
		<control type="list" id="303">
			<left>490</left>
			<top>90</top>
			<width>740</width>
			<height>460</height>
			<onup>502</onup>
			<ondown>502</ondown>
			<onleft>304</onleft>
			<onright>304</onright>
			<orientation>vertical</orientation>
			<pagecontrol>304</pagecontrol>
			<scrolltime tween="sine" easing="out">240</scrolltime>

			<itemlayout width="1230" height="46">
				<control type="image">
					<left>0</left>
					<top>0</top>
					<width>90</width>
					<height>46</height>
					<texture>$INFO[ListItem.Icon]</texture>
					<aspectratio aligny="center">keep</aspectratio>
				</control>
				<control type="label">
					<left>0</left>
					<top>0</top>
					<width>90</width>
					<height>46</height>
					<font>font14</font>
					<align>center</align>
					<label>$INFO[ListItem.Label2]</label>
					<scroll>true</scroll>
				</control>
				<control type="label">
					<left>110</left>
					<top>8</top>
					<aligny>center</aligny>
					<width>630</width>
					<height>30</height>
					<font>font30</font>
					<label>[UPPERCASE]$INFO[ListItem.Label][/UPPERCASE]</label>
				</control>
			</itemlayout>

			<focusedlayout width="1230" height="46">
				<control type="image">
					<left>0</left>
					<top>0</top>
					<width>90</width>
					<height>46</height>
					<texture>$INFO[ListItem.Icon]</texture>
					<aspectratio aligny="center">keep</aspectratio>
				</control>
				<control type="label">
					<left>0</left>
					<top>0</top>
					<width>90</width>
					<height>46</height>
					<font>font14</font>
					<align>center</align>
					<label>$INFO[ListItem.Label2]</label>
					<scroll>true</scroll>
				</control>
				<control type="label">
					<left>110</left>
					<top>8</top>
					<aligny>center</aligny>
					<width>630</width>
					<height>30</height>
					<font>font30</font>
					<label>[UPPERCASE]$INFO[ListItem.Label][/UPPERCASE]</label>
				</control>
				<control type="image">
					<left>0</left>
					<top>0</top>
					<width>740</width>
					<height>46</height>
					<texture>listselect_fo.png</texture>
				</control>
			</focusedlayout>

		</control>

		<!-- scrollbar for the item list -->
		<control type="scrollbar" id="304">
			<left>1240</left>
			<top>90</top>
			<width>10</width>
			<height>460</height>
			<texturesliderbackground>-</texturesliderbackground>
			<texturesliderbar colordiffuse="55ffffff" border="1">texturesliderbar2.png</texturesliderbar>
			<texturesliderbarfocus border="1">texturesliderbar2.png</texturesliderbarfocus>
			<showonepage>false</showonepage>
			<orientation>vertical</orientation>
			<onleft>303</onleft>
			<onright>303</onright>
		</control>

		<!-- Right bottom label for item info -->
		<control type="label" id="402">
			<left>490</left>
			<top>560</top>
			<width>740</width>
			<height>46</height>
			<align>left</align>
			<aligny>center</aligny>
            <font>font16</font>
			<scroll>true</scroll>
			<scrollspeed>120</scrollspeed>
		</control>

		<!-- Right bottom label for item counter -->
		<control type="label" id="501">
			<left>470</left>
			<top>610</top>
			<width>130</width>
			<height>46</height>
			<align>center</align>
            <font>font30</font>
		</control>

		<!-- Play button -->
        <control type="button" id="502">
			<left>600</left>
			<top>610</top>
			<width>200</width>
			<height>46</height>
			<font>font30</font>
			<align>center</align>
			<label>[CAPITALIZE]$INFO[ListItem.Label][/CAPITALIZE]</label>
			<enable>false</enable>
			<onup>303</onup>
			<ondown>303</ondown>
			<onleft>504</onleft>
			<onright>503</onright>
        </control>

		<!-- Start/stop button -->
        <control type="button" id="503">
			<left>815</left>
			<top>610</top>
			<width>200</width>
			<height>46</height>
			<font>font30</font>
			<align>center</align>
			<label>[CAPITALIZE]$INFO[ListItem.Label][/CAPITALIZE]</label>
			<onup>303</onup>
			<ondown>303</ondown>
			<onleft>502</onleft>
			<onright>504</onright>
		</control>

		<!-- Cancel button -->
        <control type="button" id="504">
			<left>1030</left>
			<top>610</top>
			<width>200</width>
			<height>46</height>
			<font>font30</font>
			<align>center</align>
			<label>[CAPITALIZE]$INFO[ListItem.Label][/CAPITALIZE]</label>
			<onup>303</onup>
			<ondown>303</ondown>
			<onleft>503</onleft>
			<onright>502</onright>
		</control>

	</controls>
</window>
