<?xml version="1.0" encoding="UTF-8" standalone="yes"?>
<addon id="plugin.video.g2" name="G2" version="0.0.4" provider-name="J0rdyZ65">
	<requires>
		<import addon="xbmc.python" version="2.20.0" />
		<import addon="script.module.requests" version="2.9.1" />
		<import addon="script.module.rpyc" version="3.4.4" optional="true" />
	</requires>
	<extension point="xbmc.python.pluginsource" library="plugin.py">
		<provides>video</provides>
	</extension>
	<extension point="xbmc.service" library="service.py" start="startup" />
	<extension point="xbmc.addon.metadata">
		<summary lang="en">G2 is the Gio's own version of an once famous addon.</summary>
		<description lang="en">G2 addon</description>
		<disclaimer lang="en">The author does not host or distribute any of the content displayed by this addon. The author does not have any affiliation with the content provider.</disclaimer>
		<platform>all</platform>
	</extension>
</addon>
